{"max": [1.71, 1.77, 0.375], "centroid": [0.6092555765658294, 0.6551658215253553, 0.11662559385750279], "id": "fb25e1f798321c354a134d5eddec03d4", "numVertices": 2347, "min": [-0.61, 0.0, -0.272459]}
